<?xml version="1.0" encoding="UTF-8" ?>
<module>
	<name>blockfacebook</name>
	<displayName><![CDATA[Bloque caja Facebook Me Gusta]]></displayName>
	<version><![CDATA[1.4.0]]></version>
	<description><![CDATA[Muestra un bloque para suscribirse a su p&aacute;gina de Facebook.]]></description>
	<author><![CDATA[PrestaShop]]></author>
	<tab><![CDATA[front_office_features]]></tab>
	<is_configurable>1</is_configurable>
	<need_instance>1</need_instance>
	<limited_countries></limited_countries>
</module>