<?xml version="1.0" encoding="UTF-8" ?>
<module>
	<name>blocksocial</name>
	<displayName><![CDATA[Bloque social]]></displayName>
	<version><![CDATA[1.2.1]]></version>
	<description><![CDATA[Le permite agregar informaci&oacute;n sobre las cuentas de redes sociales de su marca.]]></description>
	<author><![CDATA[PrestaShop]]></author>
	<tab><![CDATA[front_office_features]]></tab>
	<is_configurable>1</is_configurable>
	<need_instance>1</need_instance>
	<limited_countries></limited_countries>
</module>