<?xml version="1.0" encoding="UTF-8" ?>
<module>
	<name>blockcustomerprivacy</name>
	<displayName><![CDATA[Bloque de privacidad de datos del cliente]]></displayName>
	<version><![CDATA[2.0.1]]></version>
	<description><![CDATA[Agrega un bloque que muestra un mensaje sobre los datos privados de los clientes.]]></description>
	<author><![CDATA[PrestaShop]]></author>
	<tab><![CDATA[front_office_features]]></tab>
	<is_configurable>1</is_configurable>
	<need_instance>0</need_instance>
	<limited_countries></limited_countries>
</module>