<?xml version="1.0" encoding="UTF-8" ?>
<module>
	<name>blockstore</name>
	<displayName><![CDATA[Bloque tiendas]]></displayName>
	<version><![CDATA[1.3.0]]></version>
	<description><![CDATA[Muestra un enlace a la imagen caracter&iacute;stica de localizaci&oacute;n de tiendas de PrestaShop.]]></description>
	<author><![CDATA[PrestaShop]]></author>
	<tab><![CDATA[front_office_features]]></tab>
	<is_configurable>1</is_configurable>
	<need_instance>0</need_instance>
	<limited_countries></limited_countries>
</module>